Group,Silhouette Score,Intra-Class Dist (Lower is Better),Inter-Class Dist (Higher is Better),Ratio (Inter/Intra),Retrieval Acc (k=1)
Baseline (CIFAR100),0.20758134126663208,0.4098241,0.8094795,1.9751875,0.9082666666666667
Group A (Novel Subclass),0.3327522873878479,0.28737143,0.85398066,2.9716964,0.9136490250696379
Group B (Novel Superclass),0.2996935248374939,0.37788203,0.7684022,2.0334446,0.9562624254473161
Group B (GenAI CIFAR100),0.39225512742996216,0.27427396,0.891962,3.252084,0.972
